{"cameraMode":{"drawMode":0,"name":"Shaded","section":"Shading Mode"},"sceneLighting":false,"audioPlay":false,"sceneViewState":{"showFog":true,"showMaterialUpdate":false,"showSkybox":false,"showFlares":true,"showImageEffects":true,"showParticleSystems":true},"in2DMode":false,"pivot":{"x":0.22430796921253205,"y":0.0131186842918396,"z":0.16619840264320374},"rotation":{"x":0.03063221089541912,"y":0.9477078914642334,"z":-0.30285799503326418,"w":0.09585653245449066},"size":0.48005062341690066,"orthographic":false}