{"cameraMode":{"drawMode":0,"name":"Shaded","section":"Shading Mode"},"sceneLighting":false,"audioPlay":false,"sceneViewState":{"showFog":true,"showMaterialUpdate":false,"showSkybox":false,"showFlares":true,"showImageEffects":true,"showParticleSystems":true},"in2DMode":false,"pivot":{"x":0.0,"y":-0.004999999888241291,"z":-0.0009999996982514859},"rotation":{"x":0.07073481380939484,"y":-0.0224476158618927,"z":0.001591782085597515,"w":0.9972413182258606},"size":0.09204576164484024,"orthographic":false}