{"cameraMode":{"drawMode":0,"name":"Shaded","section":"Shading Mode"},"sceneLighting":false,"audioPlay":false,"sceneViewState":{"showFog":true,"showMaterialUpdate":false,"showSkybox":false,"showFlares":true,"showImageEffects":true,"showParticleSystems":true},"in2DMode":false,"pivot":{"x":0.003824051469564438,"y":0.0016548484563827515,"z":0.02711453102529049},"rotation":{"x":0.2859606146812439,"y":-0.5131537914276123,"z":0.18633438646793366,"w":0.7875146269798279},"size":0.08083315938711167,"orthographic":false}