{"cameraMode":{"drawMode":0,"name":"Shaded","section":"Shading Mode"},"sceneLighting":false,"audioPlay":false,"sceneViewState":{"showFog":true,"showMaterialUpdate":false,"showSkybox":false,"showFlares":true,"showImageEffects":true,"showParticleSystems":true},"in2DMode":false,"pivot":{"x":0.06389166414737702,"y":-0.12048651278018952,"z":0.5309449434280396},"rotation":{"x":0.07430971413850784,"y":-0.15641145408153535,"z":0.01180141419172287,"w":0.9848219752311707},"size":0.7571057677268982,"orthographic":false}