{"cameraMode":{"drawMode":0,"name":"Shaded","section":"Shading Mode"},"sceneLighting":false,"audioPlay":false,"sceneViewState":{"showFog":true,"showMaterialUpdate":false,"showSkybox":false,"showFlares":true,"showImageEffects":true,"showParticleSystems":true},"in2DMode":false,"pivot":{"x":3.725290298461914e-9,"y":0.0,"z":-5.587935447692871e-9},"rotation":{"x":0.11254025250673294,"y":0.023839306086301805,"z":-0.0027012545615434648,"w":0.9933574795722961},"size":0.17148259282112122,"orthographic":false}