{"cameraMode":{"drawMode":0,"name":"Shaded","section":"Shading Mode"},"sceneLighting":false,"audioPlay":false,"sceneViewState":{"showFog":true,"showMaterialUpdate":false,"showSkybox":false,"showFlares":true,"showImageEffects":true,"showParticleSystems":true},"in2DMode":false,"pivot":{"x":-0.005426757037639618,"y":-0.0008488595485687256,"z":0.0006035990081727505},"rotation":{"x":0.2591171860694885,"y":-0.7029561400413513,"z":0.3116576373577118,"w":0.5844488739967346},"size":0.05951446667313576,"orthographic":false}